auc,loss,val_auc,val_loss
0.7264909744262695,0.5193675756454468,0.8354911208152771,0.42891716957092285
0.8320971727371216,0.43553978204727173,0.8428037762641907,0.4194757640361786
0.8393588662147522,0.42709651589393616,0.8452787399291992,0.41722801327705383
0.8433195948600769,0.4226011037826538,0.8460485935211182,0.41660717129707336
0.845858097076416,0.4194522202014923,0.8469328284263611,0.4163024127483368
0.8485473394393921,0.4164851903915405,0.846824586391449,0.4170159697532654
0.8506877422332764,0.41400209069252014,0.8470900654792786,0.41698944568634033
0.8527881503105164,0.4115755558013916,0.8470655679702759,0.4174194931983948
0.8550006151199341,0.4089871942996979,0.8470655679702759,0.41852515935897827
0.857201099395752,0.4064446985721588,0.8467081785202026,0.4189198911190033
0.8590725064277649,0.40416842699050903,0.8465141654014587,0.41961777210235596
0.8608546257019043,0.40192723274230957,0.8461670279502869,0.4209959805011749
0.8626242876052856,0.39983829855918884,0.8452746272087097,0.4221842586994171
0.8642570972442627,0.39781707525253296,0.8446661233901978,0.42327556014060974
0.8661257028579712,0.3954369127750397,0.8437615633010864,0.4249410927295685
0.8680599331855774,0.3931376338005066,0.8429304361343384,0.42615875601768494
0.8700019717216492,0.39064639806747437,0.8423646688461304,0.42762064933776855
0.8714531660079956,0.388651043176651,0.8417520523071289,0.4282970130443573
0.8733561635017395,0.38625550270080566,0.8410067558288574,0.42957040667533875
0.8752961754798889,0.38367095589637756,0.8401204943656921,0.43062254786491394
0.8769165277481079,0.3813674747943878,0.8389503359794617,0.4324292838573456
0.8788306713104248,0.37880557775497437,0.83760666847229,0.43374890089035034
0.8805117011070251,0.37664756178855896,0.8356156945228577,0.4358488917350769
0.8822994232177734,0.37420809268951416,0.8345925807952881,0.43701067566871643
0.8840392827987671,0.3717423379421234,0.8334286212921143,0.4391002953052521
0.8856587409973145,0.36942359805107117,0.8331897258758545,0.4406396150588989
0.8872630596160889,0.36705127358436584,0.8323075175285339,0.44309261441230774
0.8886517286300659,0.3649713397026062,0.8309046626091003,0.44447022676467896
0.8903080821037292,0.3626863658428192,0.8298856019973755,0.44658491015434265
0.891491174697876,0.3609546422958374,0.8284705281257629,0.44878190755844116
